query,rank,filename,similarity
9b3f016199.jpg,1,0fe508ab40.jpg,0.894030749797821
9b3f016199.jpg,2,0a47b7d021.jpg,0.8567138910293579
2eb0feaa3a.jpg,1,2dab1e3035.jpg,0.784428060054779
2eb0feaa3a.jpg,2,1a716cd8b3.jpg,0.7701225280761719
9efd18dd6c.jpg,1,7c43d5ca9e.jpg,0.8750038146972656
9efd18dd6c.jpg,2,4aacd195b5.jpg,0.7951755523681641
